Województwo;Rok;Wydatki_kultura;Lludn;Wynagrodzenie;Teatry_i_in;Przedstawienia;Widzowie_teatr;Kina;Seanse;Widzowie_kin
DOLNOŒL¥SKIE;2002;55366503;2 904 694;2165.84;20;4 173;964 690;56;59 380;2 218 849
DOLNOŒL¥SKIE;2003;56302012;2 898 313;2233.58;19;4 535;805 495;51;56 237;1 952 312
DOLNOŒL¥SKIE;2004;59478278;2 893 055;2356.89;17;4 423;691 765;47;58 979;2 573 933
DOLNOŒL¥SKIE;2005;69451765;2 888 232;2477.56;17;4 377;736 588;47;53 232;1 708 296
DOLNOŒL¥SKIE;2006;65613782.99;2 882 317;2617.16;20;4 354;800 755;46;53 885;2 191 786
DOLNOŒL¥SKIE;2007;73633085.74;2 878 410;2860.66;21;4 558;748 202;43;75 267;2 414 242
DOLNOŒL¥SKIE;2008;88226471.15;2 877 059;3135.83;20;5 021;874 388;45;108 217;2 739 590
DOLNOŒL¥SKIE;2009;92756504.54;2 876 627;3295.44;18;5 029;841 521;44;121 596;3 246 705
DOLNOŒL¥SKIE;2010;89369094.18;2 917 242;3412.37;17;4 610;781 570;43;121 486;3 296 915
DOLNOŒL¥SKIE;2011;87564604.69;2 916 577;3587.25;16;4 905;741 127;38;145 461;3 590 872
DOLNOŒL¥SKIE;2012;96384047.89;2 914 362;3709.32;17;5 203;763 141;36;138 286;3 460 830
DOLNOŒL¥SKIE;2013;98839816.96;2 909 997;3868.86;16;5 322;891 880;39;149 552;3 444 183
DOLNOŒL¥SKIE;2014;106136755.96;2 908 457;4042.86;16;5 599;816 250;36;151 830;3 845 264
DOLNOŒL¥SKIE;2015;94143276.47;2 904 207;4204.24;17;5 684;930 531;38;156 370;4 176 318
DOLNOŒL¥SKIE;2016;89105287.7;2 903 710;4385.84;17;5 926;977 647;42;191 278;4 882 862
DOLNOŒL¥SKIE;2017;93527159.29;2 902 547;4654.51;16;5 516;954 492;43;185 924;5 101 657
DOLNOŒL¥SKIE;2018;105386779.2;2 901 225;4942.39;17;6 240;1 068 307;46;228 273;5 647 676
DOLNOŒL¥SKIE;2019;100304495.97;2 900 163;5323.55;17;6 030;934 948;47;218 147;5 657 788
KUJAWSKO-POMORSKIE;2002;46419514;2 069 166;1953.39;7;2 455;564 021;30;26 587;1 029 760
KUJAWSKO-POMORSKIE;2003;40346467;2 068 142;2000.96;7;2 546;585 965;25;29 258;1 074 030
KUJAWSKO-POMORSKIE;2004;50217596;2 068 258;2087.3;7;2 481;577 937;21;30 082;1 313 913
KUJAWSKO-POMORSKIE;2005;53937279;2 068 253;2153.46;7;2 297;550 326;20;41 728;1 003 992
KUJAWSKO-POMORSKIE;2006;89218526.83;2 066 371;2268.87;7;2 468;560 005;20;50 480;1 395 528
KUJAWSKO-POMORSKIE;2007;63143244.22;2 066 136;2443.17;7;2 905;579 969;20;57 131;1 575 175
KUJAWSKO-POMORSKIE;2008;64178082.28;2 067 918;2691.69;8;3 098;646 217;19;73 991;1 663 021
KUJAWSKO-POMORSKIE;2009;72990253.02;2 069 083;2810.97;8;3 018;616 454;16;82 479;1 852 231
KUJAWSKO-POMORSKIE;2010;85794129.8;2 098 711;2910.82;9;3 236;635 682;17;80 972;1 761 544
KUJAWSKO-POMORSKIE;2011;80971281.64;2 098 370;3062.32;9;3 253;642 802;17;80 937;1 783 908
KUJAWSKO-POMORSKIE;2012;84718291.07;2 096 404;3182.31;9;3 348;635 865;18;100 838;1 754 108
KUJAWSKO-POMORSKIE;2013;90176922.25;2 092 564;3322.09;9;3 264;608 655;20;111 496;1 794 225
KUJAWSKO-POMORSKIE;2014;107739540.29;2 089 992;3439.06;9;3 218;659 256;21;112 871;1 971 349
KUJAWSKO-POMORSKIE;2015;88997066.31;2 086 210;3540.25;9;3 073;613 278;17;108 978;2 195 164
KUJAWSKO-POMORSKIE;2016;90692233.86;2 083 927;3672.98;10;3 524;674 235;17;118 564;2 557 276
KUJAWSKO-POMORSKIE;2017;103554707.11;2 082 944;3886.2;10;3 462;680 717;18;111 428;2 834 842
KUJAWSKO-POMORSKIE;2018;117532431.07;2 077 775;4139.21;9;3 351;632 239;18;119 822;2 984 065
KUJAWSKO-POMORSKIE;2019;130385368.07;2 072 373;4494.37;7;3 217;572 119;20;118 852;3 121 776
LUBELSKIE;2002;28506719;2 196 992;1941.01;6;1 325;312 635;35;14 185;616 959
LUBELSKIE;2003;32252205;2 191 172;1995.5;6;1 337;314 934;33;12 512;549 977
LUBELSKIE;2004;36051971;2 185 156;2096.15;6;1 221;238 686;31;13 860;807 995
LUBELSKIE;2005;36041020;2 179 611;2180.18;6;1 163;219 697;30;13 555;539 787
LUBELSKIE;2006;41252586.5;2 172 766;2290.6;6;1 105;165 142;33;14 259;832 713
LUBELSKIE;2007;43584458.35;2 166 213;2486.22;6;1 191;223 195;33;23 291;918 490
LUBELSKIE;2008;44211710.77;2 161 832;2771.99;6;1 189;260 897;31;34 484;1 054 399
LUBELSKIE;2009;67202926.32;2 157 202;2891.3;6;1 175;226 031;28;28 047;1 165 915
LUBELSKIE;2010;52153256.06;2 178 611;3099.6;6;909;205 396;29;26 401;1 105 458
LUBELSKIE;2011;58629480.6;2 171 857;3257.14;6;854;199 206;27;30 161;1 269 931
LUBELSKIE;2012;59683937.55;2 165 651;3382.66;7;939;220 804;28;34 043;1 156 857
LUBELSKIE;2013;90643929.15;2 156 150;3488.61;7;915;179 508;29;34 125;1 131 570
LUBELSKIE;2014;148211331.11;2 147 746;3605.03;7;1 020;180 901;31;48 062;1 457 111
LUBELSKIE;2015;125487037.47;2 139 726;3699.48;8;1 072;202 844;30;62 324;1 555 646
LUBELSKIE;2016;72178956.7;2 133 340;3815.95;8;1 063;220 035;34;70 544;1 802 680
LUBELSKIE;2017;61866221.79;2 126 317;4020.25;8;1 191;319 580;32;77 060;2 017 428
LUBELSKIE;2018;64563084.85;2 117 619;4260.71;7;1 125;306 878;31;76 786;2 107 542
LUBELSKIE;2019;69605401.45;2 108 270;4564.85;7;1 113;274 681;33;76 516;2 255 031
LUBUSKIE;2002;16877248;1 008 196;1936.54;3;807;149 094;22;7 966;314 156
LUBUSKIE;2003;15521384;1 008 786;1990.13;3;831;158 606;20;5 745;213 082
LUBUSKIE;2004;20765442;1 009 168;2067.56;3;812;168 576;18;7 238;350 368
LUBUSKIE;2005;18670812;1 009 198;2144.35;3;797;175 092;18;5 985;213 044
LUBUSKIE;2006;19719001.28;1 008 520;2235.01;3;668;144 187;17;6 339;296 655
LUBUSKIE;2007;25356556.43;1 008 481;2429.97;3;709;165 943;14;6 406;251 473
LUBUSKIE;2008;22182337.93;1 008 962;2653.55;3;3 523;459 504;14;20 249;597 491
LUBUSKIE;2009;52119152.74;1 010 047;2802.77;3;3 785;605 812;13;33 656;925 915
LUBUSKIE;2010;28307571.98;1 023 215;2920.43;3;3 682;435 229;11;31 681;882 392
LUBUSKIE;2011;24289855.89;1 023 158;3073.95;3;1 228;186 736;14;30 940;924 935
LUBUSKIE;2012;26896186.11;1 023 317;3203.18;4;1 304;209 226;12;31 540;871 275
LUBUSKIE;2013;27137129.01;1 021 470;3282.07;4;1 416;241 490;12;30 362;820 744
LUBUSKIE;2014;27107749.46;1 020 307;3425.38;4;1 258;838 903;12;31 233;899 404
LUBUSKIE;2015;35635636.23;1 018 075;3567.6;4;1 205;230 962;12;32 353;1 006 472
LUBUSKIE;2016;31986076.48;1 017 376;3734.9;4;5 224;562 907;12;42 899;1 186 290
LUBUSKIE;2017;32121058.67;1 016 832;3950.95;4;5 624;531 447;13;43 284;1 266 632
LUBUSKIE;2018;32391037.47;1 014 548;4239.92;4;5 631;518 828;13;41 891;1 310 038
LUBUSKIE;2019;43448532.41;1 011 592;4559.96;4;5 759;530 044;13;41 478;1 337 454
£ÓDZKIE;2002;54216319;2 607 380;1966.22;13;4 041;616 987;38;47 360;1 530 754
£ÓDZKIE;2003;70905622;2 597 094;2024.32;13;3 684;557 276;36;49 208;1 381 998
£ÓDZKIE;2004;65151892;2 587 702;2123.36;13;3 439;538 133;31;45 938;1 721 849
£ÓDZKIE;2005;51696783;2 577 465;2188.15;14;3 393;552 788;34;47 181;1 197 712
£ÓDZKIE;2006;54288683.56;2 566 198;2287.9;14;3 409;549 412;35;62 714;1 772 734
£ÓDZKIE;2007;94703716.15;2 555 898;2470.86;13;3 384;568 740;32;76 307;1 952 106
£ÓDZKIE;2008;104252469.76;2 548 861;2740.58;12;3 454;565 311;31;64 782;1 963 459
£ÓDZKIE;2009;104182264.47;2 541 832;2884.6;12;3 458;529 125;28;74 390;2 176 956
£ÓDZKIE;2010;87076086.47;2 542 436;3066.02;11;3 269;541 645;23;79 397;2 138 769
£ÓDZKIE;2011;89657731.04;2 533 681;3245.97;11;3 203;566 115;24;78 897;2 164 642
£ÓDZKIE;2012;97931395.62;2 524 651;3383.3;11;3 537;540 959;22;80 357;2 093 376
£ÓDZKIE;2013;88253249.42;2 513 093;3510.2;10;3 455;554 293;22;84 565;2 043 503
£ÓDZKIE;2014;76246066.72;2 504 136;3618.63;10;2 370;485 820;22;88 899;2 159 781
£ÓDZKIE;2015;75161776.1;2 493 603;3790.76;10;2 405;536 643;21;93 756;2 367 814
£ÓDZKIE;2016;76306314.68;2 485 323;3925.1;9;2 109;488 382;24;109 230;2 878 721
£ÓDZKIE;2017;80072966.78;2 476 315;4141.94;10;2 550;519 729;24;116 394;3 320 812
£ÓDZKIE;2018;99425191.62;2 466 322;4441.29;10;2 697;590 457;26;125 194;3 511 656
£ÓDZKIE;2019;106152406.41;2 454 779;4790.1;11;2 651;506 443;30;127 951;3 615 255
MA£OPOLSKIE;2002;50519366;3 237 217;2060.99;17;3 748;690 683;56;90 940;2 710 865
MA£OPOLSKIE;2003;57549113;3 252 949;2109.69;21;3 909;715 849;53;93 084;2 559 000
MA£OPOLSKIE;2004;73744400;3 260 201;2216.21;20;4 081;706 907;49;102 255;3 450 411
MA£OPOLSKIE;2005;70598500;3 266 187;2303.42;20;4 072;717 605;49;109 670;2 539 545
MA£OPOLSKIE;2006;95800462.61;3 271 206;2443.91;19;3 913;704 214;47;121 830;3 375 499
MA£OPOLSKIE;2007;97128514.03;3 279 036;2666.24;19;4 078;774 711;47;118 426;3 301 937
MA£OPOLSKIE;2008;162791217.59;3 287 136;2903.63;20;4 243;959 030;45;120 379;3 316 952
MA£OPOLSKIE;2009;232262626.14;3 298 270;3057.71;22;4 568;1 118 200;43;118 547;3 560 487
MA£OPOLSKIE;2010;115922566.86;3 336 699;3169.9;17;4 714;1 001 001;46;153 889;3 669 005
MA£OPOLSKIE;2011;108111646.4;3 346 796;3332.98;15;5 212;1 018 694;46;160 927;3 558 366
MA£OPOLSKIE;2012;117717716.69;3 354 077;3456.16;15;4 987;1 005 760;44;142 565;3 013 066
MA£OPOLSKIE;2013;122739271;3 360 581;3574.22;18;5 363;1 029 933;49;156 339;2 817 349
MA£OPOLSKIE;2014;109663715.64;3 368 336;3700.06;17;5 679;1 132 220;47;183 098;3 693 929
MA£OPOLSKIE;2015;114243981.64;3 372 618;3906.96;18;5 635;1 143 314;45;182 515;4 087 608
MA£OPOLSKIE;2016;117994825.23;3 382 260;4077.91;18;6 154;3 032 765;45;183 036;4 567 467
MA£OPOLSKIE;2017;128393776.92;3 391 380;4347.1;20;6 400;1 356 251;44;199 161;5 142 162
MA£OPOLSKIE;2018;168740068.44;3 400 577;4678.95;24;7 001;1 658 659;44;193 101;4 978 679
MA£OPOLSKIE;2019;185030509.3;3 410 901;5098.26;22;6 281;1 256 331;45;198 991;5 384 181
MAZOWIECKIE;2002;78122311;5 128 623;2893.83;36;9 934;2 683 230;68;193 025;7 508 499
MAZOWIECKIE;2003;81332108;5 135 732;3005.37;36;9 484;2 504 045;66;233 294;7 140 302
MAZOWIECKIE;2004;114840180;5 145 997;3095.96;34;9 367;2 494 907;64;254 041;8 349 613
MAZOWIECKIE;2005;141620211;5 157 729;3227.04;34;9 667;2 481 128;64;279 807;6 540 383
MAZOWIECKIE;2006;246034372.08;5 171 702;3381.13;35;10 253;2 442 985;52;274 382;7 673 827
MAZOWIECKIE;2007;256844502.8;5 188 488;3670.84;36;10 828;2 495 870;50;281 581;8 016 778
MAZOWIECKIE;2008;236717032.42;5 204 495;4036.26;40;11 181;2 812 363;55;289 557;7 867 402
MAZOWIECKIE;2009;240587212.59;5 222 167;4179.63;40;11 045;2 755 616;53;297 484;8 685 003
MAZOWIECKIE;2010;164875021;5 267 072;4279.55;41;11 882;3 016 925;56;308 931;8 114 081
MAZOWIECKIE;2011;210956192.18;5 285 604;4504.66;37;12 754;3 095 155;59;325 897;8 674 071
MAZOWIECKIE;2012;178269858.04;5 301 760;4637.58;35;12 600;2 971 410;60;292 789;8 197 222
MAZOWIECKIE;2013;163560280.01;5 316 840;4773.41;32;12 994;3 685 727;63;337 263;8 641 515
MAZOWIECKIE;2014;180703122.97;5 334 511;4927.34;33;13 893;3 459 209;62;316 426;8 560 318
MAZOWIECKIE;2015;180934228.74;5 349 114;5098.55;34;13 562;3 512 849;59;303 754;8 960 162
MAZOWIECKIE;2016;188991607.25;5 365 898;5240.86;37;14 062;3 675 863;76;327 853;10 242 070
MAZOWIECKIE;2017;213585707.1;5 384 617;5523.65;37;15 401;3 930 591;75;341 818;10 896 041
MAZOWIECKIE;2018;283380793.17;5 403 412;5888.9;35;17 166;4 860 419;81;388 651;11 258 558
MAZOWIECKIE;2019;316106369.16;5 423 168;6248.47;35;18 151;5 190 766;85;393 729;11 813 152
OPOLSKIE;2002;13548890;1 061 009;2029.99;3;898;177 567;18;7 367;334 793
OPOLSKIE;2003;14599186;1 055 667;2087.3;3;835;172 516;17;14 302;396 420
OPOLSKIE;2004;19074624;1 051 531;2183.74;3;834;156 095;14;11 698;568 238
OPOLSKIE;2005;30151252;1 047 407;2249.89;3;881;184 285;14;16 528;450 794
OPOLSKIE;2006;32040775.15;1 041 941;2367.74;3;925;118 052;14;15 322;578 701
OPOLSKIE;2007;38278789.72;1 037 088;2607.45;3;934;128 069;13;15 439;573 664
OPOLSKIE;2008;33935985.49;1 033 040;2873.22;3;1 095;203 319;13;12 356;473 784
OPOLSKIE;2009;38312497.38;1 031 097;2987.87;3;954;167 199;11;15 636;655 909
OPOLSKIE;2010;37222381.59;1 017 241;3137.29;3;918;154 050;9;14 190;560 744
OPOLSKIE;2011;33424991.87;1 013 950;3249.58;3;951;184 514;12;15 873;615 923
OPOLSKIE;2012;29643820.98;1 010 203;3358.42;3;822;131 848;13;17 887;608 832
OPOLSKIE;2013;24281426.96;1 004 416;3473.4;3;917;163 457;14;25 749;622 918
OPOLSKIE;2014;26029595.63;1 000 858;3632.84;3;832;163 982;13;27 258;681 805
OPOLSKIE;2015;25205833.81;996 011;3793.28;3;806;160 129;11;26 466;723 450
OPOLSKIE;2016;28244812.2;993 036;3927.04;3;909;141 422;12;27 039;761 177
OPOLSKIE;2017;30774641.49;990 069;4144.91;3;859;140 374;11;25 480;783 622
OPOLSKIE;2018;32817727.82;986 506;4379.25;4;1 150;182 469;11;26 127;815 938
OPOLSKIE;2019;34305833.53;982 626;4712.47;5;1 118;192 610;11;25 219;816 045
PODKARPACKIE;2002;27013133;2 105 050;1875.41;3;1 277;185 211;46;21 347;699 257
PODKARPACKIE;2003;31348840;2 097 248;1950.01;3;1 208;180 207;42;22 203;609 783
PODKARPACKIE;2004;35032778;2 097 975;2018.59;3;1 210;182 209;38;22 927;1 017 969
PODKARPACKIE;2005;31046195;2 098 263;2081.76;3;982;142 098;39;20 717;663 032
PODKARPACKIE;2006;34671258.68;2 097 564;2179.57;3;1 196;161 318;37;21 317;965 033
PODKARPACKIE;2007;43389705.03;2 097 338;2372.82;3;1 304;188 533;35;20 435;825 137
PODKARPACKIE;2008;58878770.86;2 099 495;2614.12;3;1 394;196 287;32;21 161;798 857
PODKARPACKIE;2009;60423652.09;2 101 732;2740.89;3;1 381;207 078;30;20 756;933 806
PODKARPACKIE;2010;65835804.11;2 127 948;2877.43;3;1 382;188 293;30;20 042;901 504
PODKARPACKIE;2011;53854687.61;2 128 687;3023.21;3;1 394;218 863;30;24 475;1 085 168
PODKARPACKIE;2012;58334500.98;2 129 951;3152.36;3;1 546;198 190;29;37 550;1 103 767
PODKARPACKIE;2013;63126068.76;2 129 294;3282.69;3;1 588;182 171;31;47 024;1 105 837
PODKARPACKIE;2014;68824460.64;2 129 187;3412.3;3;1 563;188 399;27;58 614;1 342 960
PODKARPACKIE;2015;63680073.11;2 127 657;3527.62;3;1 601;164 643;27;59 188;1 511 728
PODKARPACKIE;2016;60573178.61;2 127 656;3653.67;3;1 643;174 912;30;60 872;1 777 262
PODKARPACKIE;2017;57660802.7;2 129 138;3837.17;3;1 669;171 124;31;73 261;2 010 195
PODKARPACKIE;2018;70794660.44;2 129 015;4089.81;3;1 572;184 405;27;87 296;2 204 887
PODKARPACKIE;2019;80931756.3;2 127 164;4388.16;3;1 611;180 535;29;89 704;2 361 116
PODLASKIE;2002;17231107;1 207 704;1 958,00;5;1 936;326 260;22;13 633;423 509
PODLASKIE;2003;17225421;1 205 117;2035.43;5;1 835;293 437;23;12 011;331 544
PODLASKIE;2004;19801524;1 202 425;2107.5;5;1 717;274 316;23;12 294;555 382
PODLASKIE;2005;26303251;1 199 689;2192.77;5;1 801;287 813;19;10 814;304 239
PODLASKIE;2006;40167575.58;1 196 101;2307.59;6;2 248;312 349;19;11 589;439 454
PODLASKIE;2007;58143158.55;1 192 660;2524.95;6;2 843;362 346;19;11 193;444 088
PODLASKIE;2008;39497713.61;1 191 470;2781.21;7;2 665;359 605;19;25 475;591 853
PODLASKIE;2009;82474951.69;1 189 731;2884.68;7;2 712;377 270;15;37 951;793 642
PODLASKIE;2010;90664024.24;1 203 448;3019.83;7;2 419;353 651;14;36 004;814 236
PODLASKIE;2011;106301342.12;1 200 982;3178.15;7;2 023;296 143;14;32 985;828 849
PODLASKIE;2012;70669396.8;1 198 690;3310.71;7;1 615;223 205;14;37 890;899 413
PODLASKIE;2013;43699345.42;1 194 965;3432.71;8;1 870;283 808;13;36 353;802 590
PODLASKIE;2014;53019838.25;1 191 918;3530.17;8;1 734;265 391;12;40 299;929 092
PODLASKIE;2015;53557544.93;1 188 800;3647.08;8;1 746;255 260;12;40 523;1 020 045
PODLASKIE;2016;58588183.37;1 186 625;3767.2;8;1 930;267 754;12;52 997;1 131 961
PODLASKIE;2017;64943421.17;1 184 548;4005.94;8;2 079;300 004;13;54 157;1 295 409
PODLASKIE;2018;64133860.07;1 181 533;4264.04;8;2 338;316 525;11;53 081;1 336 399
PODLASKIE;2019;81049151.8;1 178 353;4575.88;8;2 355;328 504;11;52 667;1 405 645
POMORSKIE;2002;53380375;2 183 636;2175.63;14;2 977;575 362;24;68 171;2 399 237
POMORSKIE;2003;50854169;2 188 918;2257.16;14;2 934;561 049;24;84 537;2 293 522
POMORSKIE;2004;47170593;2 194 041;2374.71;14;2 791;605 693;24;81 301;3 042 671
POMORSKIE;2005;65604764;2 199 043;2511.25;15;3 178;694 327;22;77 825;2 151 366
POMORSKIE;2006;55224806.9;2 203 595;2650.2;15;3 370;703 379;21;69 842;2 634 786
POMORSKIE;2007;65680438.94;2 210 920;2882.56;15;3 170;806 337;21;79 254;2 781 603
POMORSKIE;2008;82898927.1;2 219 512;3167.7;14;2 958;776 969;23;80 548;2 869 061
POMORSKIE;2009;104336263.88;2 230 099;3320.06;13;2 908;765 659;19;83 249;2 857 260
POMORSKIE;2010;87773548.32;2 275 494;3383.58;13;2 812;1 033 248;14;77 266;2 515 726
POMORSKIE;2011;92518610.53;2 283 500;3567.49;13;2 794;904 853;21;107 597;2 785 992
POMORSKIE;2012;88284362.21;2 290 070;3696.89;13;2 802;920 035;22;114 408;3 014 762
POMORSKIE;2013;83416894.27;2 295 811;3847.12;13;2 681;824 568;24;102 736;2 786 925
POMORSKIE;2014;81044890.98;2 302 077;4011.59;13;2 708;1 011 133;26;116 695;3 020 666
POMORSKIE;2015;87208852.03;2 307 710;4132.13;14;3 137;1 062 429;24;130 831;3 637 022
POMORSKIE;2016;88976913.76;2 315 611;4274.73;14;3 184;1 113 727;27;139 702;3 876 131
POMORSKIE;2017;96553966.79;2 324 251;4496.64;14;3 116;1 038 486;28;161 805;4 219 457
POMORSKIE;2018;112614010.38;2 333 523;4794.74;14;2 936;893 674;28;152 966;4 108 233
POMORSKIE;2019;131872342.84;2 343 928;5142.01;15;3 281;920 996;32;147 841;4 525 461
ŒL¥SKIE;2002;60117547;4 731 533;2298.44;23;4 461;1 043 981;62;78 263;2 951 935
ŒL¥SKIE;2003;64073268;4 714 982;2380.23;23;4 425;1 118 656;56;91 672;2 727 657
ŒL¥SKIE;2004;74643598;4 700 771;2488.62;23;4 387;1 106 571;56;113 306;3 488 654
ŒL¥SKIE;2005;96577779;4 685 775;2587.07;24;4 849;1 281 681;61;134 788;3 120 463
ŒL¥SKIE;2006;104596764.13;4 669 137;2729.63;25;4 762;1 262 258;57;173 410;4 359 128
ŒL¥SKIE;2007;115742202.89;4 654 115;2933.32;21;6 325;1 340 228;61;252 175;4 718 273
ŒL¥SKIE;2008;140426210.86;4 645 665;3239.09;20;6 656;1 526 188;56;247 778;5 087 347
ŒL¥SKIE;2009;165238813.22;4 640 725;3405.18;20;6 708;1 659 886;52;299 372;5 716 174
ŒL¥SKIE;2010;121149883.09;4 634 935;3528.19;20;6 582;1 415 947;56;308 569;5 460 594
ŒL¥SKIE;2011;154245369.38;4 626 357;3794.62;19;6 662;1 386 838;53;301 080;5 644 274
ŒL¥SKIE;2012;194089042.26;4 615 870;3855.26;19;6 813;1 335 484;51;294 667;5 338 734
ŒL¥SKIE;2013;176971023.45;4 599 447;4022.8;18;6 986;1 319 987;54;265 156;4 616 762
ŒL¥SKIE;2014;138151606.54;4 585 924;4100.51;19;7 229;1 370 281;52;275 434;5 061 804
ŒL¥SKIE;2015;163911235.07;4 570 849;4221.45;20;7 486;1 518 696;48;273 914;5 989 917
ŒL¥SKIE;2016;148912714.86;4 559 164;4295.29;20;7 339;1 561 126;49;302 467;6 553 681
ŒL¥SKIE;2017;169233794.26;4 548 180;4481.57;20;6 995;1 515 204;52;306 293;7 083 317
ŒL¥SKIE;2018;163405382.44;4 533 565;4825.28;22;7 211;1 811 221;51;307 690;7 462 455
ŒL¥SKIE;2019;185830030.16;4 517 635;5177.86;22;7 614;1 672 723;55;319 480;7 745 638
ŒWIÊTOKRZYSKIE;2002;14745244;1 295 885;1977.75;3;1 216;214 269;23;8 693;423 939
ŒWIÊTOKRZYSKIE;2003;15301136;1 291 598;2024.41;3;1 269;224 997;22;11 740;368 064
ŒWIÊTOKRZYSKIE;2004;17813484;1 288 693;2117.74;3;1 297;241 135;17;18 312;644 641
ŒWIÊTOKRZYSKIE;2005;18124200;1 285 007;2173.15;3;1 290;268 940;14;17 104;451 064
ŒWIÊTOKRZYSKIE;2006;20863391.95;1 279 838;2263.6;3;1 316;250 496;12;18 220;597 393
ŒWIÊTOKRZYSKIE;2007;27407266.77;1 275 550;2467.07;3;1 320;238 553;10;18 888;562 508
ŒWIÊTOKRZYSKIE;2008;34944926.13;1 272 784;2745.39;3;1 299;243 455;11;19 114;579 684
ŒWIÊTOKRZYSKIE;2009;57216529.65;1 270 120;2868.09;3;1 259;247 323;11;20 184;666 029
ŒWIÊTOKRZYSKIE;2010;45467314.88;1 282 546;2971.58;4;1 419;313 225;10;18 422;549 029
ŒWIÊTOKRZYSKIE;2011;46447865.3;1 278 116;3137.91;4;1 358;239 045;10;18 680;613 784
ŒWIÊTOKRZYSKIE;2012;33267972.97;1 273 995;3250.94;4;1 378;245 594;12;28 702;712 556
ŒWIÊTOKRZYSKIE;2013;31725719.11;1 268 239;3349.81;4;1 442;260 681;13;34 579;679 096
ŒWIÊTOKRZYSKIE;2014;30887480.65;1 263 176;3435.93;4;1 522;267 817;14;39 116;796 910
ŒWIÊTOKRZYSKIE;2015;31775453.67;1 257 179;3580.62;4;1 559;246 623;14;44 418;930 500
ŒWIÊTOKRZYSKIE;2016;36657684.14;1 252 900;3669.57;4;1 548;244 438;15;49 218;1 072 502
ŒWIÊTOKRZYSKIE;2017;34860524.63;1 247 732;3911.49;4;1 715;264 168;15;47 979;1 171 981
ŒWIÊTOKRZYSKIE;2018;39180789.13;1 241 546;4171.17;4;1 912;285 499;17;51 509;1 215 688
ŒWIÊTOKRZYSKIE;2019;45514739.6;1 233 961;4490.41;4;1 879;247 978;18;48 364;1 304 108
WARMIÑSKO-MAZURSKIE;2002;21264088;1 428 449;1947.99;4;1 992;337 435;30;12 027;445 731
WARMIÑSKO-MAZURSKIE;2003;21577731;1 428 885;2003.28;4;1 997;321 550;25;9 625;339 024
WARMIÑSKO-MAZURSKIE;2004;25676645;1 428 714;2050.21;4;2 144;305 099;29;12 049;571 412
WARMIÑSKO-MAZURSKIE;2005;29862132;1 428 601;2103.99;4;2 015;286 857;28;11 214;359 668
WARMIÑSKO-MAZURSKIE;2006;30842792.46;1 426 883;2218.32;4;2 131;296 567;23;17 248;651 639
WARMIÑSKO-MAZURSKIE;2007;37626296.16;1 426 155;2 398,00;4;2 061;281 527;23;16 064;640 583
WARMIÑSKO-MAZURSKIE;2008;40447401.19;1 427 073;2615.33;4;2 122;296 426;23;27 344;877 735
WARMIÑSKO-MAZURSKIE;2009;53842448.67;1 427 118;2752.41;4;2 179;287 432;23;31 858;948 077
WARMIÑSKO-MAZURSKIE;2010;62303703.47;1 453 782;2879.97;5;2 182;293 548;21;34 669;938 625
WARMIÑSKO-MAZURSKIE;2011;58703666.03;1 452 596;3019.37;5;2 156;284 729;17;31 919;996 250
WARMIÑSKO-MAZURSKIE;2012;55398971.3;1 450 697;3150.27;5;2 175;311 884;23;32 441;814 391
WARMIÑSKO-MAZURSKIE;2013;50599401.18;1 446 915;3264.63;5;2 108;287 878;21;33 924;904 111
WARMIÑSKO-MAZURSKIE;2014;47279444.16;1 443 967;3386.96;5;2 096;303 114;20;40 171;991 418
WARMIÑSKO-MAZURSKIE;2015;49774590.72;1 439 675;3495.02;5;1 960;283 824;18;45 772;1 092 432
WARMIÑSKO-MAZURSKIE;2016;43872980.02;1 436 367;3619.16;5;1 960;309 677;19;54 752;1 337 281
WARMIÑSKO-MAZURSKIE;2017;46087907.17;1 433 945;3802.98;5;2 027;352 103;20;61 844;1 632 309
WARMIÑSKO-MAZURSKIE;2018;54394853.84;1 428 983;4028.33;5;1 910;293 699;20;61 807;1 663 380
WARMIÑSKO-MAZURSKIE;2019;66457310.84;1 422 737;4319.51;5;1 964;287 609;20;61 792;1 710 010
WIELKOPOLSKIE;2002;66919350;3 355 279;2047.58;11;3 428;589 963;52;71 876;2 636 622
WIELKOPOLSKIE;2003;70031778;3 359 932;2129.03;11;3 355;598 171;50;69 930;2 468 937
WIELKOPOLSKIE;2004;80225339;3 365 283;2204.31;11;3 256;596 340;49;68 448;3 157 543
WIELKOPOLSKIE;2005;81291150;3 372 417;2263.6;11;3 044;533 981;46;73 378;2 387 212
WIELKOPOLSKIE;2006;81675182.86;3 378 502;2 389,00;11;2 996;672 602;47;89 116;3 143 657
WIELKOPOLSKIE;2007;86512273.85;3 386 882;2610.82;11;3 018;602 221;49;100 228;3 309 781
WIELKOPOLSKIE;2008;102365167.19;3 397 617;2868.81;12;3 102;991 474;42;141 053;3 312 659
WIELKOPOLSKIE;2009;106508886.31;3 408 281;2976.28;12;3 411;691 560;41;113 697;3 410 808
WIELKOPOLSKIE;2010;116889572.17;3 446 745;3126.36;12;3 423;773 287;38;119 650;3 251 200
WIELKOPOLSKIE;2011;128870985.85;3 455 477;3284.41;12;2 961;636 570;44;133 364;3 583 286
WIELKOPOLSKIE;2012;106443747.34;3 462 196;3397.25;12;3 143;616 796;42;114 280;2 883 028
WIELKOPOLSKIE;2013;92387750.42;3 467 016;3515.31;12;3 240;582 772;45;149 304;3 562 872
WIELKOPOLSKIE;2014;96407824.48;3 472 579;3597.69;12;3 549;693 977;45;165 562;3 960 734
WIELKOPOLSKIE;2015;98135689.94;3 475 323;3723.69;12;3 260;606 050;44;165 586;4 515 313
WIELKOPOLSKIE;2016;106188029.36;3 481 625;3894.1;14;3 670;654 294;44;181 431;4 992 756
WIELKOPOLSKIE;2017;121379320.68;3 489 210;4124.13;17;4 270;670 701;44;195 032;5 645 030
WIELKOPOLSKIE;2018;138684845.01;3 493 969;4382.96;15;4 207;746 825;45;211 592;6 214 917
WIELKOPOLSKIE;2019;150684341.15;3 498 733;4687.39;15;4 075;748 165;45;206 144;6 213 153
ZACHODNIOPOMORSKIE;2002;23234231;1 697 718;2068.44;12;2 021;418 437;37;18 522;822 823
ZACHODNIOPOMORSKIE;2003;23756224;1 696 073;2134.74;12;1 983;406 119;38;21 347;837 487
ZACHODNIOPOMORSKIE;2004;25934146;1 694 865;2221.63;12;2 056;436 759;34;37 140;1 608 560
ZACHODNIOPOMORSKIE;2005;29220870;1 694 178;2307.99;12;2 091;496 096;31;34 352;1 205 573
ZACHODNIOPOMORSKIE;2006;33581254.72;1 692 838;2406.98;13;2 269;456 948;25;37 185;1 453 974
ZACHODNIOPOMORSKIE;2007;31418480.5;1 692 271;2615.83;13;1 670;338 850;26;38 794;1 496 035
ZACHODNIOPOMORSKIE;2008;35963046.02;1 692 957;2 881,00;12;1 961;422 047;24;39 520;1 386 159
ZACHODNIOPOMORSKIE;2009;42062180.91;1 693 198;3021.51;12;1 868;402 554;21;37 775;1 380 341
ZACHODNIOPOMORSKIE;2010;46351452.96;1 723 741;3120.15;12;2 023;379 548;21;45 336;1 568 263
ZACHODNIOPOMORSKIE;2011;49621469.39;1 722 739;3289.56;10;1 857;334 257;22;49 869;1 496 081
ZACHODNIOPOMORSKIE;2012;53194438.25;1 721 405;3417.76;10;1 859;350 847;21;67 445;1 552 066
ZACHODNIOPOMORSKIE;2013;54186785.2;1 718 861;3539.12;8;1 851;359 618;20;47 110;1 162 392
ZACHODNIOPOMORSKIE;2014;66393707.18;1 715 431;3649.27;8;1 811;425 565;23;61 386;1 657 479
ZACHODNIOPOMORSKIE;2015;78694689.78;1 710 482;3793.68;8;2 464;562 433;24;65 912;1 911 910
ZACHODNIOPOMORSKIE;2016;50453636.42;1 708 174;3946.28;8;2 199;487 738;26;76 517;2 203 779
ZACHODNIOPOMORSKIE;2017;56066965.71;1 705 533;4154.25;8;2 511;519 002;28;79 263;2 298 004
ZACHODNIOPOMORSKIE;2018;68067310.74;1 701 030;4431.95;8;2 597;545 366;28;79 560;2 357 705
ZACHODNIOPOMORSKIE;2019;73611522.25;1 696 193;4769.71;8;2 406;518 819;29;77 089;2 445 081
